{
    "accuracy": [
        0.9273172616958618,
        0.9826082587242126,
        0.983388364315033,
        0.9844334125518799,
        0.985069990158081,
        0.9859127402305603,
        0.9869206547737122,
        0.9874889850616455,
        0.9875134229660034,
        0.9884582757949829,
        0.9893466234207153,
        0.9895966649055481,
        0.9897463917732239,
        0.9905416965484619,
        0.9907829761505127,
        0.9911338090896606,
        0.990925133228302,
        0.9909641146659851,
        0.9917768836021423,
        0.99202561378479,
        0.9922842383384705,
        0.9924592971801758,
        0.9925415515899658,
        0.9923295378684998,
        0.99284428358078,
        0.9932942986488342,
        0.9933358430862427,
        0.9934632778167725,
        0.9927824139595032,
        0.9934641122817993,
        0.9937635660171509,
        0.9941896200180054,
        0.9942924976348877,
        0.994242250919342,
        0.994323194026947,
        0.9945191144943237,
        0.9943840503692627,
        0.994633138179779,
        0.9944363832473755,
        0.9948232769966125,
        0.995073676109314,
        0.9953404664993286
    ],
    "loss": [
        0.2904600203037262,
        0.06736596673727036,
        0.05974152311682701,
        0.05128040164709091,
        0.04895574599504471,
        0.04419782757759094,
        0.03931983560323715,
        0.03739848732948303,
        0.03934100270271301,
        0.03466038405895233,
        0.030344130471348763,
        0.029972460120916367,
        0.029687825590372086,
        0.026710133999586105,
        0.025145845487713814,
        0.025035817176103592,
        0.026182807981967926,
        0.025586174800992012,
        0.022770024836063385,
        0.022136395797133446,
        0.021428219974040985,
        0.020604269579052925,
        0.02058829553425312,
        0.02173609286546707,
        0.019585400819778442,
        0.018264329060912132,
        0.018271183595061302,
        0.017932116985321045,
        0.020262915641069412,
        0.01803428679704666,
        0.016798824071884155,
        0.015751676633954048,
        0.015463214367628098,
        0.015538671053946018,
        0.015574496239423752,
        0.014843882992863655,
        0.01531488262116909,
        0.014510050415992737,
        0.015167954377830029,
        0.01404263824224472,
        0.013329530134797096,
        0.0126569215208292
    ],
    "val_accuracy": [
        0.9845640063285828,
        0.9834349751472473,
        0.9868838787078857,
        0.9848778247833252,
        0.9883101582527161,
        0.9885773658752441,
        0.9895402789115906,
        0.9899352192878723,
        0.9892213940620422,
        0.99131178855896,
        0.9911062717437744,
        0.9916924834251404,
        0.9920998215675354,
        0.9910670518875122,
        0.9914546012878418,
        0.9923509359359741,
        0.9925130009651184,
        0.9928839206695557,
        0.9930978417396545,
        0.992610514163971,
        0.9927051067352295,
        0.9928548336029053,
        0.9934582710266113,
        0.9936572313308716,
        0.993492841720581,
        0.9938099384307861,
        0.993748128414154,
        0.9941025376319885,
        0.993830680847168,
        0.9942609071731567,
        0.9935474395751953,
        0.9942498207092285,
        0.9943185448646545,
        0.9943208694458008,
        0.9942989945411682,
        0.9942575097084045,
        0.9942511320114136,
        0.9939756393432617,
        0.9943278431892395,
        0.9941553473472595,
        0.9943010807037354,
        0.9939309358596802
    ],
    "val_loss": [
        0.07276752591133118,
        0.07215024530887604,
        0.04277564957737923,
        0.04704130068421364,
        0.03715793788433075,
        0.03521537408232689,
        0.033094558864831924,
        0.031949203461408615,
        0.03251390904188156,
        0.028042174875736237,
        0.027608651667833328,
        0.026630409061908722,
        0.02467273361980915,
        0.026724176481366158,
        0.026365283876657486,
        0.023924948647618294,
        0.023385707288980484,
        0.022551147267222404,
        0.021268971264362335,
        0.0219524297863245,
        0.021232301369309425,
        0.023298058658838272,
        0.020058229565620422,
        0.018940772861242294,
        0.019358735531568527,
        0.01900482177734375,
        0.018919896334409714,
        0.017951766029000282,
        0.019023718312382698,
        0.017592519521713257,
        0.01902661845088005,
        0.017389707267284393,
        0.01745966449379921,
        0.01751689612865448,
        0.019663089886307716,
        0.01814071461558342,
        0.01859804429113865,
        0.019824519753456116,
        0.017677433788776398,
        0.02188931219279766,
        0.01753104291856289,
        0.018538953736424446
    ]
}